<?xml version="1.0" encoding="UTF-8"?>
<project-private xmlns="http://www.netbeans.org/ns/project-private/1">
    <editor-bookmarks xmlns="http://www.netbeans.org/ns/editor-bookmarks/2" lastBookmarkId="0"/>
    <open-files xmlns="http://www.netbeans.org/ns/projectui-open-files/2">
        <group>
            <file>file:/C:/Users/Dxrk/Desktop/Ingeniería%20de%20Sistemas/Semestre%2002/Algoritmos%20y%20Programación%20II/KanBan/KanBan/src/PanelBoard.java</file>
            <file>file:/C:/Users/Dxrk/Desktop/Ingeniería%20de%20Sistemas/Semestre%2002/Algoritmos%20y%20Programación%20II/KanBan/KanBan/src/PanelLeft.java</file>
            <file>file:/C:/Users/Dxrk/Desktop/Ingeniería%20de%20Sistemas/Semestre%2002/Algoritmos%20y%20Programación%20II/KanBan/KanBan/src/Main.java</file>
            <file>file:/C:/Users/Dxrk/Desktop/Ingeniería%20de%20Sistemas/Semestre%2002/Algoritmos%20y%20Programación%20II/KanBan/KanBan/src/Desarrollador.java</file>
            <file>file:/C:/Users/Dxrk/Desktop/Ingeniería%20de%20Sistemas/Semestre%2002/Algoritmos%20y%20Programación%20II/KanBan/KanBan/src/PanelUP.java</file>
            <file>file:/C:/Users/Dxrk/Desktop/Ingeniería%20de%20Sistemas/Semestre%2002/Algoritmos%20y%20Programación%20II/KanBan/KanBan/src/Archivos/file.txt</file>
            <file>file:/C:/Users/Dxrk/Desktop/Ingeniería%20de%20Sistemas/Semestre%2002/Algoritmos%20y%20Programación%20II/KanBan/KanBan/src/GUI.java</file>
        </group>
    </open-files>
</project-private>
